{"loss":0.6087668538093567,"step_time":0.11991000175476074,"_wandb":{"runtime":1001},"lr":0.00019375175082616636,"pred_norm":8.063446044921875,"_runtime":1001.238142174,"ema_mom":1.0010422535211267,"_timestamp":1.7774039796973786e+09,"_step":3580,"target_norm":17.380001068115234}