{
  "checkpoint": "/scratch/vc2836/DL/checkpoints/vit_jepa_v2/best.pt",
  "embed_dim": 384,
  "n_train": 2275,
  "n_val": 312,
  "n_test": 338,
  "embed_std": {
    "train": 0.17125773429870605,
    "val": 0.15115582942962646,
    "test": 0.16452418267726898
  },
  "linear_probe": {
    "alpha": {
      "train_mse": 0.504848062992096,
      "val_mse": 0.33084070682525635,
      "test_mse": 0.34310758113861084
    },
    "zeta": {
      "train_mse": 0.7032755017280579,
      "val_mse": 0.4714771807193756,
      "test_mse": 0.5797673463821411
    }
  },
  "knn": {
    "k": 20,
    "alpha": {
      "train_mse": 0.30186936259269714,
      "val_mse": 0.2763819098472595,
      "test_mse": 0.34568753838539124
    },
    "zeta": {
      "train_mse": 0.45362305641174316,
      "val_mse": 0.30512121319770813,
      "test_mse": 0.4396939277648926
    }
  }
}