{"ema_mom":1.0008450704225351,"pred_norm":7.967702865600586,"target_norm":17.195964813232422,"lr":0.00013078168559520347,"loss":0.5651658773422241,"_runtime":1017.985905127,"step_time":0.11532258987426758,"_timestamp":1.7773849697629838e+09,"_wandb":{"runtime":1017},"_step":3440}