{
  "checkpoint": "/scratch/vc2836/DL/checkpoints/activematter-convjepa-baseline/best.pt",
  "pool": "mean",
  "n_train": 175,
  "n_val": 24,
  "n_test": 26,
  "feature_dim": 128,
  "linear_probe": {
    "train_info": {
      "best_val_mse_normalized": 0.07702598720788956
    },
    "val": {
      "mse_normalized_alpha": 0.07008989155292511,
      "mse_normalized_zeta": 0.083962082862854,
      "mse_normalized_avg": 0.07702598720788956,
      "mse_alpha": 0.14017705619335175,
      "mse_zeta": 2.2390081882476807,
      "mse_avg": 1.1895924806594849
    },
    "test": {
      "mse_normalized_alpha": 0.1015910729765892,
      "mse_normalized_zeta": 0.07687031477689743,
      "mse_normalized_avg": 0.08923069387674332,
      "mse_alpha": 0.20317824184894562,
      "mse_zeta": 2.0498926639556885,
      "mse_avg": 1.126535415649414
    }
  },
  "knn": {
    "train_info": {
      "best_k": 10,
      "best_val_mse_normalized": 0.2550765354210116
    },
    "val": {
      "mse_normalized_alpha": 0.11881522543564356,
      "mse_normalized_zeta": 0.3913378454063796,
      "mse_normalized_avg": 0.2550765354210116,
      "mse_alpha": 0.23762589068056938,
      "mse_zeta": 10.435765196265166,
      "mse_avg": 5.336695543472867
    },
    "test": {
      "mse_normalized_alpha": 0.172936050463936,
      "mse_normalized_zeta": 0.2955344894670215,
      "mse_normalized_avg": 0.2342352699654787,
      "mse_alpha": 0.34586546988792455,
      "mse_zeta": 7.880987090087994,
      "mse_avg": 4.1134262799879595
    }
  }
}