{
  "checkpoint": "/scratch/vc2836/DL/checkpoints/activematter-convjepa-ema/best.pt",
  "pool": "mean",
  "n_train": 175,
  "n_val": 24,
  "n_test": 26,
  "feature_dim": 128,
  "linear_probe": {
    "train_info": {
      "best_val_mse_normalized": 0.07914498448371887
    },
    "val": {
      "mse_normalized_alpha": 0.011544930748641491,
      "mse_normalized_zeta": 0.14674504101276398,
      "mse_normalized_avg": 0.07914498448371887,
      "mse_alpha": 0.023089416325092316,
      "mse_zeta": 3.913233995437622,
      "mse_avg": 1.968161940574646
    },
    "test": {
      "mse_normalized_alpha": 0.011339379474520683,
      "mse_normalized_zeta": 0.1763148307800293,
      "mse_normalized_avg": 0.09382712095975876,
      "mse_alpha": 0.022678317502141,
      "mse_zeta": 4.7017693519592285,
      "mse_avg": 2.3622238636016846
    }
  },
  "knn": {
    "train_info": {
      "best_k": 5,
      "best_val_mse_normalized": 0.11832060407815835
    },
    "val": {
      "mse_normalized_alpha": 9.244463733058732e-33,
      "mse_normalized_zeta": 0.23664120815631665,
      "mse_normalized_avg": 0.11832060407815835,
      "mse_alpha": 1.9141249903454342e-15,
      "mse_zeta": 6.310486269867334,
      "mse_avg": 3.155243134933668
    },
    "test": {
      "mse_normalized_alpha": 0.010048643987418391,
      "mse_normalized_zeta": 0.18087420077768962,
      "mse_normalized_avg": 0.095461422382554,
      "mse_alpha": 0.020096904856540792,
      "mse_zeta": 4.823353253120636,
      "mse_avg": 2.4217250789885876
    }
  }
}