{
  "checkpoint": "/scratch/vc2836/DL/checkpoints/activematter-convjepa-ema/best.pt",
  "pool": "mean",
  "n_train": 175,
  "n_val": 24,
  "n_test": 26,
  "feature_dim": 128,
  "linear_probe": {
    "train_info": {
      "best_val_mse_normalized": 0.07969775795936584
    },
    "val": {
      "mse_normalized_alpha": 0.011913982219994068,
      "mse_normalized_zeta": 0.1474815458059311,
      "mse_normalized_avg": 0.07969775795936584,
      "mse_alpha": 0.02382752113044262,
      "mse_zeta": 3.932875633239746,
      "mse_avg": 1.9783514738082886
    },
    "test": {
      "mse_normalized_alpha": 0.011396666057407856,
      "mse_normalized_zeta": 0.1771964430809021,
      "mse_normalized_avg": 0.09429655969142914,
      "mse_alpha": 0.022792883217334747,
      "mse_zeta": 4.725279808044434,
      "mse_avg": 2.3740365505218506
    }
  },
  "knn": {
    "train_info": {
      "best_k": 5,
      "best_val_mse_normalized": 0.11974452520611435
    },
    "val": {
      "mse_normalized_alpha": 8.73088241455547e-33,
      "mse_normalized_zeta": 0.23948905041222876,
      "mse_normalized_avg": 0.11974452520611435,
      "mse_alpha": 1.9141249903454342e-15,
      "mse_zeta": 6.386429383893727,
      "mse_avg": 3.193214691946864
    },
    "test": {
      "mse_normalized_alpha": 0.010101302181204823,
      "mse_normalized_zeta": 0.18292015440937226,
      "mse_normalized_avg": 0.09651072829528855,
      "mse_alpha": 0.020202219226434337,
      "mse_zeta": 4.877912477587706,
      "mse_avg": 2.4490573484070697
    }
  }
}