{
  "checkpoint": "/scratch/vc2836/DL/checkpoints/activematter-convjepa-ema/best.pt",
  "pool": "mean",
  "n_train": 175,
  "n_val": 24,
  "n_test": 26,
  "feature_dim": 128,
  "linear_probe": {
    "train_info": {
      "best_val_mse_normalized": 0.08194661885499954
    },
    "val": {
      "mse_normalized_alpha": 0.011708855628967285,
      "mse_normalized_zeta": 0.1521843820810318,
      "mse_normalized_avg": 0.08194661885499954,
      "mse_alpha": 0.023417264223098755,
      "mse_zeta": 4.058284759521484,
      "mse_avg": 2.040850877761841
    },
    "test": {
      "mse_normalized_alpha": 0.012098918668925762,
      "mse_normalized_zeta": 0.19455374777317047,
      "mse_normalized_avg": 0.10332633554935455,
      "mse_alpha": 0.024197367951273918,
      "mse_zeta": 5.188144207000732,
      "mse_avg": 2.606170892715454
    }
  },
  "knn": {
    "train_info": {
      "best_k": 10,
      "best_val_mse_normalized": 0.12221602742315807
    },
    "val": {
      "mse_normalized_alpha": 0.0008631511373010554,
      "mse_normalized_zeta": 0.24356890370901507,
      "mse_normalized_avg": 0.12221602742315807,
      "mse_alpha": 0.0017262689822610672,
      "mse_zeta": 6.495226346479952,
      "mse_avg": 3.2484763077311065
    },
    "test": {
      "mse_normalized_alpha": 0.014468357778353634,
      "mse_normalized_zeta": 0.22803730869516,
      "mse_normalized_avg": 0.12125283323675681,
      "mse_alpha": 0.02893616290588787,
      "mse_zeta": 6.0810468660376875,
      "mse_avg": 3.054991514471788
    }
  }
}